2021-11-19,11:30,11:45,5/77 Alexandra Avenue- South Yarra,South Yarra,1,Woolworths- 670 Chapel St- South Yarra VIC 3141,Rent,1,15,-37.830372,144.9876485,City of Stonnington
2021-11-19,16:30,16:45,5/767 Punt Road- South Yarra,South Yarra,1,Woolworths- 670 Chapel St- South Yarra VIC 3141,Rent,0,15,-37.830425,144.9878001,City of Stonnington
2021-11-19,15:50,16:00,4/274 Domain Road- South Yarra,South Yarra,1,Woolworths- 670 Chapel St- South Yarra VIC 3141,Rent,0,10,-37.83473,144.9872813,City of Stonnington
2021-11-19,11:00,11:15,6/52 Caroline Street- South Yarra,South Yarra,1,Woolworths- 670 Chapel St- South Yarra VIC 3141,Rent,1,15,-37.834929,144.9888408,City of Stonnington
2021-11-19,11:00,11:15,5/52 Caroline Street- South Yarra,South Yarra,1,Woolworths- 670 Chapel St- South Yarra VIC 3141,Rent,1,15,-37.834929,144.9888408,City of Stonnington
2021-11-19,11:30,11:45,33/43 Caroline Street- South Yarra,South Yarra,1,Woolworths- 670 Chapel St- South Yarra VIC 3141,Rent,1,15,-37.834929,144.9888408,City of Stonnington
2021-11-19,14:00,14:15,6/23 Tivoli Road- South Yarra,South Yarra,1,Woolworths- 670 Chapel St- South Yarra VIC 3141,Rent,1,15,-37.83713,144.9986834,City of Stonnington
2021-11-19,14:00,14:10,9/35 Walsh Street- South Yarra,South Yarra,1,Woolworths- 670 Chapel St- South Yarra VIC 3141,Rent,0,10,-37.837208,144.9845812,City of Stonnington
2021-11-19,12:00,12:10,2/30 Murphy Street- South Yarra,South Yarra,1,Woolworths- 670 Chapel St- South Yarra VIC 3141,Rent,0,10,-37.83811,144.9903967,City of Stonnington
2021-11-19,10:00,10:30,906/1 ALMEIDA CRESCENT- South Yarra,South Yarra,1,Woolworths- 670 Chapel St- South Yarra VIC 3141,Rent,6,30,-37.838517,144.9952411,City of Stonnington
2021-11-19,10:00,10:30,3006/1 ALMEIDA CRESCENT- South Yarra,South Yarra,1,Woolworths- 670 Chapel St- South Yarra VIC 3141,Rent,6,30,-37.838517,144.9952411,City of Stonnington
2021-11-19,10:00,10:30,2206/1 Almeida Crescent- South Yarra,South Yarra,1,Woolworths- 670 Chapel St- South Yarra VIC 3141,Rent,6,30,-37.838517,144.9952411,City of Stonnington
2021-11-19,12:00,12:15,3/9 Rockley Road- South Yarra,South Yarra,1,Woolworths- 670 Chapel St- South Yarra VIC 3141,Rent,2,15,-37.838999,144.9996166,City of Stonnington
2021-11-19,10:00,10:30,1004/243 TOORAK ROAD- South Yarra,South Yarra,1,Woolworths- 670 Chapel St- South Yarra VIC 3141,Rent,6,30,-37.83934,144.9944375,City of Stonnington
2021-11-19,10:00,10:30,909/243 TOORAK ROAD- South Yarra,South Yarra,1,Woolworths- 670 Chapel St- South Yarra VIC 3141,Rent,6,30,-37.83934,144.9944375,City of Stonnington
2021-11-19,10:00,10:30,707/243 TOORAK ROAD- South Yarra,South Yarra,1,Woolworths- 670 Chapel St- South Yarra VIC 3141,Rent,6,30,-37.83934,144.9944375,City of Stonnington
2021-11-19,10:00,10:30,511/243 TOORAK ROAD- South Yarra,South Yarra,1,Woolworths- 670 Chapel St- South Yarra VIC 3141,Rent,6,30,-37.83934,144.9944375,City of Stonnington
2021-11-19,12:00,12:15,209/38 CUNNINGHAM STREET- South Yarra,South Yarra,1,Woolworths- 670 Chapel St- South Yarra VIC 3141,Rent,2,15,-37.840591,144.9967812,City of Stonnington
2021-11-19,09:30,09:45,1/55 Surrey Road- South Yarra,South Yarra,1,Woolworths- 670 Chapel St- South Yarra VIC 3141,Rent,0,15,-37.845287,144.998337,City of Stonnington
2021-11-19,15:15,15:25,11/219 Williams Road- South Yarra,South Yarra,1,Woolworths- 670 Chapel St- South Yarra VIC 3141,Rent,0,10,-37.846189,145.003548,City of Stonnington
2021-11-19,15:30,15:40,6/274 Williams Road- South Yarra,South Yarra,1,Woolworths- 670 Chapel St- South Yarra VIC 3141,Rent,0,10,-37.846189,145.003548,City of Stonnington
